

 Copyright The Closure Library Authors.
 Copyright The Closure Library Authors.
 SPDX-License-Identifier: Apache-2.0
 SPDX-License-Identifier: Apache-2.0
"og."+b._sn);for(var k in b)g.push("&"),g.push(d(k)),g.push("="),g.push(d(b[k]));g.push("&emsg=");g.push(d(c.name+":"+c.message));var m=g.join("");Ca(m)&&(m=m.substr(0,2E3));var p=m;var l=window.gbar.logger._aem(a,p);la(l)}}catch(t){}}var Ca=function(a){return 2E3<=a.length},Ga=function(a,b){return b};function Ja(a){r=a;n("_itl",Ca,v);n("_aem",Ga,v);n("ml",r,v);a={};w.er=a}h.a("")?Ja(function(a){throw a;}):h.a("1")&&Math.random()<Aa&&Ja(_mlToken);var _E="left",Ka=h.a(""),La=h.a(""),N=function(a,b){var c=a.className;M(a,b)||(a.className+=(""!=c?" ":"")+b)},O=function(a,b){var c=a.className;b=new RegExp("\\s?\\b"+b+"\\b");c&&c.match(b)&&(a.className=c.replace(b,""))},M=function(a,b){b=new RegExp("\\b"+b+"\\b");a=a.className;return!(!a||!a.match(b))},Ma=function(a,b){M(a,b)?O(a,b):N(a,b)},Na=function(a,b){a[b]=function(c){var d=arguments;f.qm(function(){a[b].apply(this,d)})}},Oa=function(a){a=
#gb #gbprc{right:-28px;top:15px;z-index:997}#gbprca{left:-63px;position:relative;top:-22px}.gbmab,.gbmac{left:5px;border-style:dashed dashed solid;border-color:transparent;border-bottom-color:#bebebe;border-width:0 10px 10px;display:-moz-inline-box;display:inline-block;font-size:0;height:0;line-height:0;position:absolute;top:0;width:0;z-index:1000}.gbmab,.gbmac{visibility:hidden}.gbmac{border-bottom-color:#fff}.gbto .gbmab,.gbto .gbmac{visibility:visible}#gbqfqw,#gbqfb{vertical-align:top}#gbqfbw{right:0;margin:0 15px;position:absolute;top:0}.gbqfb{background-color:#4d90fe;background-image:-webkit-gradient(linear,left top,left bottom,from(#4d90fe),to(#4787ed));background-image:-webkit-linear-gradient(top,#4d90fe,#4787ed);background-image:-moz-linear-gradient(top,#4d90fe,#4787ed);background-image:-ms-linear-gradient(top,#4d90fe,#4787ed);background-image:-o-linear-gradient(top,#4d90fe,#4787ed);background-image:linear-gradient(top,#4d90fe,#4787ed);filter:progid:DXImageTransform.Microsoft.gradient(startColorStr='#4d90fe',EndColorStr='#4787ed');border:1px solid #3079ed;-moz-border-radius:2px;-webkit-border-radius:2px;border-radius:2px;-moz-user-select:none;-webkit-user-select:none;color:#fff;cursor:default;font-size:11px;font-weight:bold;height:29px;min-width:54px;*min-width:70px;text-align:center;padding:0 8px}.gbqfb-hvr{border:1px solid #2f5bb7;background-color:#357ae8;background-image:-webkit-gradient(linear,left top,left bottom,from(#4d90fe),to(#357ae8));background-image:-webkit-linear-gradient(top,#4d90fe,#357ae8);background-image:-moz-linear-gradient(top,#4d90fe,#357ae8);background-image:-ms-linear-gradient(top,#4d90fe,#357ae8);background-image:-o-linear-gradient(top,#4d90fe,#357ae8);background-image:linear-gradient(top,#4d90fe,#357ae8);-webkit-box-shadow:0 1px 1px rgba(0,0,0,.1);-moz-box-shadow:0 1px 1px rgba(0,0,0,.1);box-shadow:0 1px 1px rgba(0,0,0,.1)}.gbqfb:focus{-moz-box-shadow:inset 0 0 0 1px #fff;-webkit-box-shadow:inset 0 0 0 1px #fff;box-shadow:inset 0 0 0 1px #fff;outline:none}.gbqfb::-moz-focus-inner{border:0}.gbqfb-hvr:focus{-moz-box-shadow:inset 0 0 0 1px #fff,0 1px 1px rgba(0,0,0,.1);-webkit-box-shadow:inset 0 0 0 1px #fff,0 1px 1px rgba(0,0,0,.1);box-shadow:inset 0 0 0 1px #fff,0 1px 1px rgba(0,0,0,.1)}.gbqfb:active{-moz-box-shadow:inset 0 1px 2px rgba(0,0,0,.3);-webkit-box-shadow:inset 0 1px 2px rgba(0,0,0,.3);box-shadow:inset 0 1px 2px rgba(0,0,0,.3)}
#gbmpas{max-height:220px}#gbmm{max-height:530px}.gbsb{-webkit-box-sizing:border-box;display:block;position:relative;*zoom:1}.gbsbic{overflow:auto}.gbsbis .gbsbt,.gbsbis .gbsbb{-webkit-mask-box-image:-webkit-gradient(linear,left top,right top,color-stop(0,rgba(0,0,0,.1)),color-stop(.5,rgba(0,0,0,.8)),color-stop(1,rgba(0,0,0,.1)));left:0;margin-right:0;opacity:0;position:absolute;width:100%}.gbsb .gbsbt:after,.gbsb .gbsbb:after{content:"";display:block;height:0;left:0;position:absolute;width:100%}.gbsbis .gbsbt{background:-webkit-gradient(linear,left top,left bottom,from(rgba(0,0,0,.2)),to(rgba(0,0,0,0)));background-image:-webkit-linear-gradient(top,rgba(0,0,0,.2),rgba(0,0,0,0));background-image:-moz-linear-gradient(top,rgba(0,0,0,.2),rgba(0,0,0,0));background-image:-ms-linear-gradient(top,rgba(0,0,0,.2),rgba(0,0,0,0));background-image:-o-linear-gradient(top,rgba(0,0,0,.2),rgba(0,0,0,0));background-image:linear-gradient(top,rgba(0,0,0,.2),rgba(0,0,0,0));height:6px;top:0}.gbsb .gbsbt:after{border-top:1px solid #ebebeb;border-color:rgba(0,0,0,.3);top:0}.gbsb .gbsbb{-webkit-mask-box-image:-webkit-gradient(linear,left top,right top,color-stop(0,rgba(0,0,0,.1)),color-stop(.5,rgba(0,0,0,.8)),color-stop(1,rgba(0,0,0,.1)));background:-webkit-gradient(linear,left bottom,left top,from(rgba(0,0,0,.2)),to(rgba(0,0,0,0)));background-image:-webkit-linear-gradient(bottom,rgba(0,0,0,.2),rgba(0,0,0,0));background-image:-moz-linear-gradient(bottom,rgba(0,0,0,.2),rgba(0,0,0,0));background-image:-ms-linear-gradient(bottom,rgba(0,0,0,.2),rgba(0,0,0,0));background-image:-o-linear-gradient(bottom,rgba(0,0,0,.2),rgba(0,0,0,0));background-image:linear-gradient(bottom,rgba(0,0,0,.2),rgba(0,0,0,0));bottom:0;height:4px}.gbsb .gbsbb:after{border-bottom:1px solid #ebebeb;border-color:rgba(0,0,0,.3);bottom:0}
(function(){try{/*
(function(){try{var a=window.gbar;a.mcf("mm",{s:"1"});}catch(e){window.gbar&&gbar.logger&&gbar.logger.ml(e,{"_sn":"cfg.init"});}})();
(function(){try{var a=window.gbar;a.mcf("pm",{p:"19037050,EX5,7,,"});}catch(e){window.gbar&&gbar.logger&&gbar.logger.ml(e,{"_sn":"cfg.init"});}})();
(function(){try{var b=window.gbar.i.i;var c=window.gbar;var f=function(d){try{var a=document.getElementById("gbom");a&&d.appendChild(a.cloneNode(!0))}catch(e){b(e,"omas","aomc")}};c.aomc=f;}catch(e){window.gbar&&gbar.logger&&gbar.logger.ml(e,{"_sn":"cfg.init"});}})();
(function(){try{var d=window.gbar.i.i;var e=window.gbar;var f=e.i;var g=f.c("1",0),h=/\bgbmt\b/,k=function(a){try{var b=document.getElementById("gb_"+g),c=document.getElementById("gb_"+a);b&&f.l(b,h.test(b.className)?"gbm0l":"gbz0l");c&&f.k(c,h.test(c.className)?"gbm0l":"gbz0l")}catch(l){d(l,"sj","ssp")}g=a},m=e.qs,n=function(a){var b=a.href;var c=window.location.href.match(/.*?:\/\/[^\/]*/)[0];c=new RegExp("^"+c+"/search\\?");(b=c.test(b))&&!/(^|\\?|&)ei=/.test(a.href)&&(b=window.google)&&b.kEXPI&&(a.href+="&ei="+b.kEI)},p=function(a){m(a);
(function(){try{window.gbar.rdl();}catch(e){window.gbar&&gbar.logger&&gbar.logger.ml(e,{"_sn":"cfg.init"});}})();
*/
*/
.gbprcd{padding:0;width:258px;white-space:normal}.gbprcb{display:inline-block;height:27px;padding:0 15px;text-decoration:none}#gbprc .gbprcbc{background-color:;background-image:none;border-color:;color:!important}#gbprc .gbprcbc:hover{color:!important}#gbprc .gbprcbc:active,#gbprc .gbprcbc:focus{color:!important}.gbprct{color:#666;line-height:17px;margin:0;margin-bottom:20px}.gbprci{color:#333;font-size:16px;line-height:20px;margin:0;margin-bottom:16px}#gbprc .gbmc{padding:26px;padding-bottom:22px;border:1px solid #bebebe}#gbprc .gbm{border:0}#gbprc .gbprcx,#gbprc .gbprcx.gbgt-hvr,#gbprc .gbprcx:focus,#gbprc .gbprcx:active{right:12px;background:url(//ssl.gstatic.com/s2/oz/images/stars/x.png);display:block;height:9px;opacity:.8;filter:alpha(opacity=80);position:absolute;top:12px;width:9px}#gbprc .gbprcx.gbgt-hvr,#gbprc .gbprcx:focus,#gbprc .gbprcx:active{opacity:1;filter:alpha(opacity=100)}.gbgs .gbmab,.gbgs .gbmab{left:10px;margin:40px 0 0}.gbgs .gbmac,.gbgs .gbmac{left:10px;margin:41px 0 0}.gbemi .gbgs .gbmab,.gbem .gbgs .gbmab{left:10px;margin:40px 0 0}.gbemi .gbgs .gbmac,.gbem .gbgs .gbmac{left:10px;margin:41px 0 0}.gbesi .gbgs .gbmab,.gbes .gbgs .gbmab{left:10px;margin:40px 0 0}.gbesi .gbgs .gbmac,.gbes .gbgs .gbmac{left:10px;margin:41px 0 0}#gbprca .gbmab{z-index:999}#gbprca .gbmac{border-bottom-color:#fff;z-index:999}#gbprcs{position:absolute;background:transparent;top:-999px;z-index:-1;visibility:hidden;margin-top:1px;margin-left:1px}
.gbqfb,.gbqfba,.gbqfbb{-moz-border-radius:2px;-webkit-border-radius:2px;border-radius:2px;cursor:default !important;display:inline-block;font-weight:bold;height:29px;line-height:29px;min-width:54px;*min-width:70px;padding:0 8px;text-align:center;text-decoration:none !important;-moz-user-select:none;-webkit-user-select:none}.gbqfb:focus,.gbqfba:focus,.gbqfbb:focus{border:1px solid #4d90fe;-moz-box-shadow:inset 0 0 0 1px rgba(255, 255, 255, 0.5);-webkit-box-shadow:inset 0 0 0 1px rgba(255, 255, 255, 0.5);box-shadow:inset 0 0 0 1px rgba(255, 255, 255, 0.5);outline:none}.gbqfb-hvr:focus,.gbqfba-hvr:focus,.gbqfbb-hvr:focus{-webkit-box-shadow:inset 0 0 0 1px #fff,0 1px 1px rgba(0,0,0,.1);-moz-box-shadow:inset 0 0 0 1px #fff,0 1px 1px rgba(0,0,0,.1);box-shadow:inset 0 0 0 1px #fff,0 1px 1px rgba(0,0,0,.1)}.gbqfb-no-focus:focus{border:1px solid #3079ed;-moz-box-shadow:none;-webkit-box-shadow:none;box-shadow:none}.gbqfb-hvr,.gbqfba-hvr,.gbqfbb-hvr{-webkit-box-shadow:0 1px 1px rgba(0,0,0,.1);-moz-box-shadow:0 1px 1px rgba(0,0,0,.1);box-shadow:0 1px 1px rgba(0,0,0,.1)}.gbqfb::-moz-focus-inner,.gbqfba::-moz-focus-inner,.gbqfbb::-moz-focus-inner{border:0}.gbqfba,.gbqfbb{border:1px solid #dcdcdc;border-color:rgba(0,0,0,.1);color:#444 !important;font-size:11px}.gbqfb{background-color:#4d90fe;background-image:-webkit-gradient(linear,left top,left bottom,from(#4d90fe),to(#4787ed));background-image:-webkit-linear-gradient(top,#4d90fe,#4787ed);background-image:-moz-linear-gradient(top,#4d90fe,#4787ed);background-image:-ms-linear-gradient(top,#4d90fe,#4787ed);background-image:-o-linear-gradient(top,#4d90fe,#4787ed);background-image:linear-gradient(top,#4d90fe,#4787ed);filter:progid:DXImageTransform.Microsoft.gradient(startColorStr='#4d90fe',EndColorStr='#4787ed');border:1px solid #3079ed;color:#fff!important;margin:0 0}.gbqfb-hvr{border-color:#2f5bb7}.gbqfb-hvr:focus{border-color:#2f5bb7}.gbqfb-hvr,.gbqfb-hvr:focus{background-color:#357ae8;background-image:-webkit-gradient(linear,left top,left bottom,from(#4d90fe),to(#357ae8));background-image:-webkit-linear-gradient(top,#4d90fe,#357ae8);background-image:-moz-linear-gradient(top,#4d90fe,#357ae8);background-image:-ms-linear-gradient(top,#4d90fe,#357ae8);background-image:-o-linear-gradient(top,#4d90fe,#357ae8);background-image:linear-gradient(top,#4d90fe,#357ae8)}.gbqfb:active{background-color:inherit;-webkit-box-shadow:inset 0 1px 2px rgba(0, 0, 0, 0.3);-moz-box-shadow:inset 0 1px 2px rgba(0, 0, 0, 0.3);box-shadow:inset 0 1px 2px rgba(0, 0, 0, 0.3)}.gbqfba{background-color:#f5f5f5;background-image:-webkit-gradient(linear,left top,left bottom,from(#f5f5f5),to(#f1f1f1));background-image:-webkit-linear-gradient(top,#f5f5f5,#f1f1f1);background-image:-moz-linear-gradient(top,#f5f5f5,#f1f1f1);background-image:-ms-linear-gradient(top,#f5f5f5,#f1f1f1);background-image:-o-linear-gradient(top,#f5f5f5,#f1f1f1);background-image:linear-gradient(top,#f5f5f5,#f1f1f1);filter:progid:DXImageTransform.Microsoft.gradient(startColorStr='#f5f5f5',EndColorStr='#f1f1f1')}.gbqfba-hvr,.gbqfba-hvr:active{background-color:#f8f8f8;background-image:-webkit-gradient(linear,left top,left bottom,from(#f8f8f8),to(#f1f1f1));background-image:-webkit-linear-gradient(top,#f8f8f8,#f1f1f1);background-image:-moz-linear-gradient(top,#f8f8f8,#f1f1f1);background-image:-ms-linear-gradient(top,#f8f8f8,#f1f1f1);background-image:-o-linear-gradient(top,#f8f8f8,#f1f1f1);background-image:linear-gradient(top,#f8f8f8,#f1f1f1);filter:progid:DXImageTransform.Microsoft.gradient(startColorStr='#f8f8f8',EndColorStr='#f1f1f1')}.gbqfbb{background-color:#fff;background-image:-webkit-gradient(linear,left top,left bottom,from(#fff),to(#fbfbfb));background-image:-webkit-linear-gradient(top,#fff,#fbfbfb);background-image:-moz-linear-gradient(top,#fff,#fbfbfb);background-image:-ms-linear-gradient(top,#fff,#fbfbfb);background-image:-o-linear-gradient(top,#fff,#fbfbfb);background-image:linear-gradient(top,#fff,#fbfbfb);filter:progid:DXImageTransform.Microsoft.gradient(startColorStr='#ffffff',EndColorStr='#fbfbfb')}.gbqfbb-hvr,.gbqfbb-hvr:active{background-color:#fff;background-image:-webkit-gradient(linear,left top,left bottom,from(#fff),to(#f8f8f8));background-image:-webkit-linear-gradient(top,#fff,#f8f8f8);background-image:-moz-linear-gradient(top,#fff,#f8f8f8);background-image:-ms-linear-gradient(top,#fff,#f8f8f8);background-image:-o-linear-gradient(top,#fff,#f8f8f8);background-image:linear-gradient(top,#fff,#f8f8f8);filter:progid:DXImageTransform.Microsoft.gradient(startColorStr='#ffffff',EndColorStr='#f8f8f8')}.gbqfba-hvr,.gbqfba-hvr:active,.gbqfbb-hvr,.gbqfbb-hvr:active{border-color:#c6c6c6;-webkit-box-shadow:0 1px 1px rgba(0,0,0,.1);-moz-box-shadow:0 1px 1px rgba(0,0,0,.1);box-shadow:0 1px 1px rgba(0,0,0,.1);color:#222 !important}.gbqfba:active,.gbqfbb:active{-webkit-box-shadow:inset 0 1px 2px rgba(0,0,0,.1);-moz-box-shadow:inset 0 1px 2px rgba(0,0,0,.1);box-shadow:inset 0 1px 2px rgba(0,0,0,.1)}
<!doctype html><html itemscope="" itemtype="http://schema.org/WebPage" lang="vi"><head><meta content="text/html; charset=UTF-8" http-equiv="Content-Type"><meta content="/images/branding/googleg/1x/googleg_standard_color_128dp.png" itemprop="image"><title>Google</title><script nonce="K_BMuMs8PqIR0AahUygc5A">(function(){var _g={kEI:'OA0pZcbhBs_7wAOuoYH4BA',kEXPI:'0,793110,572357,207,2414,2390,2316,383,246,5,1129120,1197753,380738,16114,28684,22431,1361,12312,17587,4998,17075,41316,2891,4140,4209,3405,606,50058,13246,13721,20583,4,59617,27044,6630,7596,1,42154,2,20271,19490,5679,1021,31121,4568,6259,9098,14320,1252,33064,2,2,1,10957,13669,2006,8155,23350,873,19634,7,1922,9779,42459,20198,5797,14,14326,14,82,19404,802,8377,18960,281,5122,3030,15816,1804,22837,10260,2172,5252,6561,476,1156,9711,3784,13207,7914,9396,2044,5001,1713,5213622,109,2,195,182,440,5994148,97,2803117,3311,141,795,28699,845,2,1,9,23941011,579,4043528,16672,37285,3618,1592,3,1389,3,308,391,1406,3,816,25152396,12799,8408,2879,444,1154,108,977,5193,3944,1966,4247,123,6762,297,2978,3044,876,3,3944,2636,3117,1610,792,1597,1879,3235,303,2827,905,6233,2736,4319,3835,711,610,2656,2247,11,41,521,2739,8,604,379,1,76,172,4041,602,3,1652,36,966,724,362,27,6,5,15,312,643,7,1,8,406,3,1047,915,1312,443,10,684,4,877,11,845,19,100,127,764,215,571,136,4,70,1363,47,2663,590,635,129,1,520,743,907,186,565,332,1317,706,232,47,8,794,329,696,10,898,3,109,835,115,127,245,745,139,3,390,629,1120,544,183,3,2,2,2,197,22,276,161,15,652,1296,90,11,3,45,50,317,755,767,1710,226,10,424,205,202,751,3,1114,753,65,588,363,4,466,2216,477',kBL:'MdxG',kOPI:89978449};(function(){var a;(null==(a=window.google)?0:a.stvsc)?google.kEI=_g.kEI:window.google=_g;}).call(this);})();(function(){google.sn='webhp';google.kHL='vi';})();(function(){
</script></head><body bgcolor="#fff"><script nonce="K_BMuMs8PqIR0AahUygc5A">(function(){var src='/images/nav_logo229.png';var iesg=false;document.body.onload = function(){window.n && window.n();if (document.images){new Image().src=src;}
</style><style>body,td,a,p,.h{font-family:arial,sans-serif}body{margin:0;overflow-y:scroll}#gog{padding:3px 8px 0}td{line-height:.8em}.gac_m td{line-height:17px}form{margin-bottom:20px}.h{color:#1967d2}em{font-weight:bold;font-style:normal}.lst{height:25px;width:496px}.gsfi,.lst{font:18px arial,sans-serif}.gsfs{font:17px arial,sans-serif}.ds{display:inline-box;display:inline-block;margin:3px 0 4px;margin-left:4px}input{font-family:inherit}body{background:#fff;color:#000}a{color:#681da8;text-decoration:none}a:hover,a:active{text-decoration:underline}.fl a{color:#1967d2}a:visited{color:#681da8}.sblc{padding-top:5px}.sblc a{display:block;margin:2px 0;margin-left:13px;font-size:11px}.lsbb{background:#f8f9fa;border:solid 1px;border-color:#dadce0 #70757a #70757a #dadce0;height:30px}.lsbb{display:block}#WqQANb a{display:inline-block;margin:0 12px}.lsb{background:url(/images/nav_logo229.png) 0 -261px repeat-x;color:#000;border:none;cursor:pointer;height:30px;margin:0;outline:0;font:15px arial,sans-serif;vertical-align:top}.lsb:active{background:#dadce0}.lst:focus{outline:none}.Ucigb{width:458px}</style><script nonce="K_BMuMs8PqIR0AahUygc5A">(function(){window.google.erd={jsr:1,bv:1881,de:true};
Nb=function(){B(function(){f.spd()})};n("spn",Ib);n("spp",Kb);n("sps",Jb);n("spd",Nb);n("paa",Gb);n("prm",Hb);mb("gbd4",Hb);
O(k,"gbto");else{if(S){var m=document.getElementById(S);if(m&&m.getAttribute){var p=m.getAttribute("aria-owner");if(p.length){var l=document.getElementById(p);l&&l.parentNode&&O(l.parentNode,"gbto")}}}$a(g)&&ab(g);S=d;N(k,"gbto")}}}}B(function(){f.tg(a,b,!0)});bb(a)}catch(t){q(t,"sb","tg")}},db=function(a){B(function(){f.close(a)})},eb=function(a){B(function(){f.rdd(a)})},Za=function(a){var b,c=document.defaultView;c&&c.getComputedStyle?(a=c.getComputedStyle(a,""))&&(b=a.direction):b=a.currentStyle?
[La?"":"https://www.gstatic.com","/og/_/js/d=1/k=","og.og.en_US.ehYdJKNrw7o.es5.O","/rt=j/m=",a,"/rs=","AA2YrTvxwMSGFWqrUh6GTc5nUOjIqoj21Q"];Ka&&a.push("?host=www.gstatic.com&bust=og.og.en_US.VzmCPYlaoyU.es5.DU");a=a.join("");C(a)};n("ca",N);n("cr",O);n("cc",M);h.k=N;h.l=O;h.m=M;h.n=Ma;h.p=Oa;h.q=Na;var Pa=["gb_71","gb_155"],Qa;function Ra(a){Qa=a}function Sa(a){var b=Qa&&!a.href.match(/.*\/accounts\/ClearSID[?]/)&&encodeURIComponent(Qa());b&&(a.href=a.href.replace(/([?&]continue=)[^&]*/,"$1"+b))}function Ta(a){window.gApplication&&(a.href=window.gApplication.getTabUrl(a.href))}function Ua(a){try{var b=(document.forms[0].q||"").value;b&&(a.href=a.href.replace(/([?&])q=[^&]*|$/,function(c,d){return(d||"&")+"q="+encodeURIComponent(b)}))}catch(c){q(c,"sb","pq")}}
a.currentStyle.direction:a.style.direction;return"rtl"==b},gb=function(a,b,c){if(a)try{var d=document.getElementById("gbd5");if(d){var g=d.firstChild,k=g.firstChild,m=document.createElement("li");m.className=b+" gbmtc";m.id=c;a.className="gbmt";m.appendChild(a);if(k.hasChildNodes()){c=[["gbkc"],["gbf","gbe","gbn"],["gbkp"],["gbnd"]];d=0;var p=k.childNodes.length;g=!1;for(var l=-1,t,Da=0;t=c[Da];Da++){for(var ba=void 0,Ea=0;ba=t[Ea];Ea++){for(;d<p&&M(k.childNodes[d],ba);)d++;if(ba==b){k.insertBefore(m,
a.preventDefault();a.returnValue=!1;a.cancelBubble=!0},qb=null,ab=function(a,b){T();if(a){rb(a,"&#272;ang m&#7903;&hellip;");U(a,!0);b="undefined"!=typeof b?b:1E4;var c=function(){sb(a)};qb=window.setTimeout(c,b)}},tb=function(a){T();a&&(U(a,!1),rb(a,""))},sb=function(a){try{T();var b=a||document.getElementById(S);b&&(rb(b,"D&#7883;ch v&#7909; này hi&#7879;n không kh&#7843; d&#7909;ng.%1$sVui lòng th&#7917; l&#7841;i sau.","%1$s"),U(b,!0))}catch(c){q(c,"sb","sdhe")}},rb=function(a,b,c){if(a&&b){var d=$a(a);if(d){if(c){d.textContent="";b=b.split(c);for(var g=0;c=
b(t.bv);var f=a.lineNumber;void 0!==f&&(c+="&line="+f);var g=a.fileName;g&&(0<g.indexOf("-extension:/")&&(e=3),c+="&script="+b(g),f&&g===window.location.href&&(f=document.documentElement.outerHTML.split("\n")[f],c+="&cad="+b(f?f.substring(0,300):"No script found.")));google.ple&&1===google.ple&&(e=2);c+="&jsel="+e;for(var u in d)c+="&",c+=b(u),c+="=",c+=b(d[u]);c=c+"&emsg="+b(a.name+": "+a.message);c=c+"&jsst="+b(a.stack||"N/A");12288<=c.length&&(c=c.substr(0,12288));a=c;m||google.log(0,"",a);return a};window.onerror=function(a,b,d,m,e){r!==a&&(a=e instanceof Error?e:Error(a),void 0===d||"lineNumber"in a||(a.lineNumber=d),void 0===b||"fileName"in a||(a.fileName=b),google.ml(a,!1,void 0,!1,"SyntaxError"===a.name||"SyntaxError"===a.message.substring(0,11)||-1!==a.message.indexOf("Script error")?3:0));r=null;p&&q>=l&&(window.onerror=null)};})();(function(){try{/*
b){for(var c=b.length,d=0;d<c;d++)if(M(a,b[d]))return!0;return!1},hb=function(a,b,c){gb(a,b,c)},ib=function(a,b){gb(a,"gbe",b)},jb=function(){B(function(){f.pcm&&f.pcm()})},kb=function(){B(function(){f.pca&&f.pca()})},lb=function(a,b,c,d,g,k,m,p,l,t){B(function(){f.paa&&f.paa(a,b,c,d,g,k,m,p,l,t)})},mb=function(a,b){P[a]||(P[a]=[]);P[a].push(b)},nb=function(a,b){Q[a]||(Q[a]=[]);Q[a].push(b)},ob=function(a,b){Ya[a]=b},pb=function(a,b){R[a]||(R[a]=[]);R[a].push(b)},bb=function(a){a.preventDefault&&
b+"-([0-9]+):"));if(d&&d[1])return parseInt(d[1],10)}}catch(g){g.code!=DOMException.QUOTA_EXCEEDED_ERR&&q(g,"up","gcc")}return-1};n("up",{r:Tb,nap:Ub,aop:Vb,tp:Wb,ssp:Sb,spd:$b,gpd:ac,aeh:bc,aal:cc,gcc:dc});var Z=function(a,b){a[b]=function(c){var d=arguments;f.qm(function(){a[b].apply(this,d)})}};Z(f.up,"sl");Z(f.up,"si");Z(f.up,"spl");Z(f.up,"dpc");Z(f.up,"iic");f.mcf("up",{sp:h.b("0.01",1),tld:"com.vn",prid:"1"});function ec(){function a(){for(var l;(l=k[m++])&&"m"!=l[0]&&!l[1].auto;);l&&(D(2,l[0]),l[1].url&&C(l[1].url,l[0]),l[1].libs&&E&&E(l[1].libs));m<k.length&&setTimeout(a,0)}function b(){0<g--?setTimeout(b,0):a()}var c=h.a("1"),d=h.a(""),g=3,k=y,m=0,p=window.gbarOnReady;if(p)try{p()}catch(l){q(l,"ml","or")}d?n("ldb",a):c?ea(window,"load",b):b()}n("rdl",ec);}catch(e){window.gbar&&gbar.logger&&gbar.logger.ml(e,{"_sn":"cfg.init"});}})();
b[g];g++){var k=document.createElement("div");k.innerHTML=c;d.appendChild(k)}}else d.innerHTML=b;U(a,!0)}}},U=function(a,b){(b=void 0!==b?b:!0)?N(a,"gbmsgo"):O(a,"gbmsgo")},$a=function(a){for(var b,c=0;b=a.childNodes[c];c++)if(M(b,"gbmsg"))return b},T=function(){qb&&window.clearTimeout(qb)},vb=function(a){var b="inner"+a;a="offset"+a;return window[b]?window[b]:document.documentElement&&document.documentElement[a]?document.documentElement[a]:0},wb=function(){return!1},xb=function(){return!!S};
c||(b="og-up-"+b);if(Yb())return e.localStorage.getItem(b);if(Zb(a))return a.load(a.id),a.getAttribute(b)}catch(d){d.code!=DOMException.QUOTA_EXCEEDED_ERR&&q(d,"up","gpd")}return""},bc=function(a,b,c){a.addEventListener?a.addEventListener(b,c,!1):a.attachEvent&&a.attachEvent("on"+b,c)},cc=function(a){for(var b,c=0;b=a[c];c++){var d=f.up;b=b in d&&d[b];if(!b)return!1}return!0},dc=function(a,b){try{if(Xb(a))return-1;var c=a.cookie.match(/OGPC=([^;]*)/);if(c&&c[1]){var d=c[1].match(new RegExp("\\b"+
d.i()}f.dgl(a,b)},L=window.___jsl=H(window.___jsl,{});L.h=H(L.h,"m;/_/scs/abc-static/_/js/k=gapi.gapi.en.Ox0HebTIzao.O/d=1/rs=AHpOoo9JBE0z9__nE4FgyS-eLRbRwEP9Gw/m=__features__");L.ms=H(L.ms,"https://apis.google.com");L.m=H(L.m,"");L.l=H(L.l,[]);L.dpo=H(L.dpo,"");I||y.push(["gl",{url:"//ssl.gstatic.com/gb/js/abc/glm_e7bb39a7e1a24581ff4f8d199678b1b9.js"}]);var za={pu:va,sh:"",si:wa,hl:"vi"};w.gl=za;ua?J.load||n("load",K,J):n("load",K,J);n("dgl",K);n("agl",ya);h.o=I};var Aa=h.b("0.1",.001),Ba=0;
document.documentElement.addEventListener("submit",function(b){var a;if(a=b.target){var c=a.getAttribute("data-submitfalse");a="1"===c||"q"===c&&!a.elements.q.value?!0:!1}else a=!1;a&&(b.preventDefault(),b.stopPropagation())},!0);document.documentElement.addEventListener("click",function(b){var a;a:{for(a=b.target;a&&a!==document.documentElement;a=a.parentElement)if("A"===a.tagName){a="1"===a.getAttribute("data-nohref");break a}a=!1}a&&b.preventDefault()},!0);}).call(this);</script><style>#gb{font:13px/27px Arial,sans-serif;height:30px}#gbz,#gbg{position:absolute;white-space:nowrap;top:0;height:30px;z-index:1000}#gbz{left:0;padding-left:4px}#gbg{right:0;padding-right:5px}#gbs{background:transparent;position:absolute;top:-999px;visibility:hidden;z-index:998;right:0}.gbto #gbs{background:#fff}#gbx3,#gbx4{background-color:#2d2d2d;background-image:none;_background-image:none;background-position:0 -138px;background-repeat:repeat-x;border-bottom:1px solid #000;font-size:24px;height:29px;_height:30px;opacity:1;filter:alpha(opacity=100);position:absolute;top:0;width:100%;z-index:990}#gbx3{left:0}#gbx4{right:0}#gbb{position:relative}#gbbw{left:0;position:absolute;top:30px;width:100%}.gbtcb{position:absolute;visibility:hidden}#gbz .gbtcb{right:0}#gbg .gbtcb{left:0}.gbxx{display:none !important}.gbxo{opacity:0 !important;filter:alpha(opacity=0) !important}.gbm{position:absolute;z-index:999;top:-999px;visibility:hidden;text-align:left;border:1px solid #bebebe;background:#fff;-moz-box-shadow:-1px 1px 1px rgba(0,0,0,.2);-webkit-box-shadow:0 2px 4px rgba(0,0,0,.2);box-shadow:0 2px 4px rgba(0,0,0,.2)}.gbrtl .gbm{-moz-box-shadow:1px 1px 1px rgba(0,0,0,.2)}.gbto .gbm,.gbto #gbs{top:29px;visibility:visible}#gbz .gbm{left:0}#gbg .gbm{right:0}.gbxms{background-color:#ccc;display:block;position:absolute;z-index:1;top:-1px;left:-2px;right:-2px;bottom:-2px;opacity:.4;-moz-border-radius:3px;filter:progid:DXImageTransform.Microsoft.Blur(pixelradius=5);*opacity:1;*top:-2px;*left:-5px;*right:5px;*bottom:4px;-ms-filter:"progid:DXImageTransform.Microsoft.Blur(pixelradius=5)";opacity:1\0/;top:-4px\0/;left:-6px\0/;right:5px\0/;bottom:4px\0/}.gbma{position:relative;top:-1px;border-style:solid dashed dashed;border-color:transparent;border-top-color:#c0c0c0;display:-moz-inline-box;display:inline-block;font-size:0;height:0;line-height:0;width:0;border-width:3px 3px 0;padding-top:1px;left:4px}#gbztms1,#gbi4m1,#gbi4s,#gbi4t{zoom:1}.gbtc,.gbmc,.gbmcc{display:block;list-style:none;margin:0;padding:0}.gbmc{background:#fff;padding:10px 0;position:relative;z-index:2;zoom:1}.gbt{position:relative;display:-moz-inline-box;display:inline-block;line-height:27px;padding:0;vertical-align:top}.gbt{*display:inline}.gbto{box-shadow:0 2px 4px rgba(0,0,0,.2);-moz-box-shadow:0 2px 4px rgba(0,0,0,.2);-webkit-box-shadow:0 2px 4px rgba(0,0,0,.2)}.gbzt,.gbgt{cursor:pointer;display:block;text-decoration:none !important}span#gbg6,span#gbg4{cursor:default}.gbts{border-left:1px solid transparent;border-right:1px solid transparent;display:block;*display:inline-block;padding:0 5px;position:relative;z-index:1000}.gbts{*display:inline}.gbzt .gbts{display:inline;zoom:1}.gbto .gbts{background:#fff;border-color:#bebebe;color:#36c;padding-bottom:1px;padding-top:2px}.gbz0l .gbts{color:#fff;font-weight:bold}.gbtsa{padding-right:9px}#gbz .gbzt,#gbz .gbgt,#gbg .gbgt{color:#ccc!important}.gbtb2{display:block;border-top:2px solid transparent}.gbto .gbzt .gbtb2,.gbto .gbgt .gbtb2{border-top-width:0}.gbtb .gbts{background:url(https://ssl.gstatic.com/gb/images/b_8d5afc09.png);_background:url(https://ssl.gstatic.com/gb/images/b8_3615d64d.png);background-position:-27px -22px;border:0;font-size:0;padding:29px 0 0;*padding:27px 0 0;width:1px}.gbzt:hover,.gbzt:focus,.gbgt-hvr,.gbgt:focus{background-color:#4c4c4c;background-image:none;_background-image:none;background-position:0 -102px;background-repeat:repeat-x;outline:none;text-decoration:none !important}.gbpdjs .gbto .gbm{min-width:99%}.gbz0l .gbtb2{border-top-color:#dd4b39!important}#gbi4s,#gbi4s1{font-weight:bold}#gbg6.gbgt-hvr,#gbg6.gbgt:focus{background-color:transparent;background-image:none}.gbg4a{font-size:0;line-height:0}.gbg4a .gbts{padding:27px 5px 0;*padding:25px 5px 0}.gbto .gbg4a .gbts{padding:29px 5px 1px;*padding:27px 5px 1px}#gbi4i,#gbi4id{left:5px;border:0;height:24px;position:absolute;top:1px;width:24px}.gbto #gbi4i,.gbto #gbi4id{top:3px}.gbi4p{display:block;width:24px}#gbi4id{background-position:-44px -101px}#gbmpid{background-position:0 0}#gbmpi,#gbmpid{border:none;display:inline-block;height:48px;width:48px}#gbmpiw{display:inline-block;line-height:9px;padding-left:20px;margin-top:10px;position:relative}#gbmpi,#gbmpid,#gbmpiw{*display:inline}#gbg5{font-size:0}#gbgs5{padding:5px !important}.gbto #gbgs5{padding:7px 5px 6px !important}#gbi5{background:url(https://ssl.gstatic.com/gb/images/b_8d5afc09.png);_background:url(https://ssl.gstatic.com/gb/images/b8_3615d64d.png);background-position:0 0;display:block;font-size:0;height:17px;width:16px}.gbto #gbi5{background-position:-6px -22px}.gbn .gbmt,.gbn .gbmt:visited,.gbnd .gbmt,.gbnd .gbmt:visited{color:#dd8e27 !important}.gbf .gbmt,.gbf .gbmt:visited{color:#900 !important}.gbmt,.gbml1,.gbmlb,.gbmt:visited,.gbml1:visited,.gbmlb:visited{color:#36c !important;text-decoration:none !important}.gbmt,.gbmt:visited{display:block}.gbml1,.gbmlb,.gbml1:visited,.gbmlb:visited{display:inline-block;margin:0 10px}.gbml1,.gbmlb,.gbml1:visited,.gbmlb:visited{*display:inline}.gbml1,.gbml1:visited{padding:0 10px}.gbml1-hvr,.gbml1:focus{outline:none;text-decoration:underline !important}#gbpm .gbml1{display:inline;margin:0;padding:0;white-space:nowrap}.gbmlb,.gbmlb:visited{line-height:27px}.gbmlb-hvr,.gbmlb:focus{outline:none;text-decoration:underline !important}.gbmlbw{color:#ccc;margin:0 10px}.gbmt{padding:0 20px}.gbmt:hover,.gbmt:focus{background:#eee;cursor:pointer;outline:0 solid black;text-decoration:none !important}.gbm0l,.gbm0l:visited{color:#000 !important;font-weight:bold}.gbmh{border-top:1px solid #bebebe;font-size:0;margin:10px 0}#gbd4 .gbmc{background:#f5f5f5;padding-top:0}#gbd4 .gbsbic::-webkit-scrollbar-track:vertical{background-color:#f5f5f5;margin-top:2px}#gbmpdv{background:#fff;border-bottom:1px solid #bebebe;-moz-box-shadow:0 2px 4px rgba(0,0,0,.12);-o-box-shadow:0 2px 4px rgba(0,0,0,.12);-webkit-box-shadow:0 2px 4px rgba(0,0,0,.12);box-shadow:0 2px 4px rgba(0,0,0,.12);position:relative;z-index:1}#gbd4 .gbmh{margin:0}.gbmtc{padding:0;margin:0;line-height:27px}.GBMCC:last-child:after,#GBMPAL:last-child:after{content:'\0A\0A';white-space:pre;position:absolute}#gbmps{*zoom:1}#gbd4 .gbpc,#gbmpas .gbmt{line-height:17px}#gbd4 .gbpgs .gbmtc{line-height:27px}#gbd4 .gbmtc{border-bottom:1px solid #bebebe}#gbd4 .gbpc{display:inline-block;margin:16px 0 10px;padding-right:50px;vertical-align:top}#gbd4 .gbpc{*display:inline}.gbpc .gbps,.gbpc .gbps2{display:block;margin:0 20px}#gbmplp.gbps{margin:0 10px}.gbpc .gbps{color:#000;font-weight:bold}.gbpc .gbpd{margin-bottom:5px}.gbpd .gbmt,.gbpd .gbps{color:#666 !important}.gbpd .gbmt{opacity:.4;filter:alpha(opacity=40)}.gbps2{color:#666;display:block}.gbp0{display:none}.gbp0 .gbps2{font-weight:bold}#gbd4 .gbmcc{margin-top:5px}.gbpmc{background:#fef9db}.gbpmc .gbpmtc{padding:10px 20px}#gbpm{border:0;*border-collapse:collapse;border-spacing:0;margin:0;white-space:normal}#gbpm .gbpmtc{border-top:none;color:#000 !important;font:11px Arial,sans-serif}#gbpms{*white-space:nowrap}.gbpms2{font-weight:bold;white-space:nowrap}#gbmpal{*border-collapse:collapse;border-spacing:0;border:0;margin:0;white-space:nowrap;width:100%}.gbmpala,.gbmpalb{font:13px Arial,sans-serif;line-height:27px;padding:10px 20px 0;white-space:nowrap}.gbmpala{padding-left:0;text-align:left}.gbmpalb{padding-right:0;text-align:right}#gbmpasb .gbps{color:#000}#gbmpal .gbqfbb{margin:0 20px}.gbp0 .gbps{*display:inline}a.gbiba{margin:8px 20px 10px}.gbmpiaw{display:inline-block;padding-right:10px;margin-bottom:6px;margin-top:10px}.gbxv{visibility:hidden}.gbmpiaa{display:block;margin-top:10px}.gbmpia{border:none;display:block;height:48px;width:48px}.gbmpnw{display:inline-block;height:auto;margin:10px 0;vertical-align:top}
document.getElementsByTagName("body")[0]||document.getElementsByTagName("head")[0]).appendChild(c)},F=function(a){for(var b,c=0;(b=y[c])&&b[0]!=a;++c);!b||b[1].l||b[1].s||(b[1].s=!0,D(2,a),b[1].url&&C(b[1].url,a),b[1].libs&&E&&E(b[1].libs))},sa=function(a){A("gc",a)},G=null,ta=function(a){G=a},D=function(a,b,c){if(G){a={t:a,b:b};if(c)for(var d in c)a[d]=c[d];try{G(a)}catch(g){}}};n("mdc",w);n("mdi",ma);n("bnc",y);n("qGC",sa);n("qm",B);n("qd",z);n("lb",F);n("mcf",qa);n("bcf",pa);n("aq",A);
else top.location='/doodles/';};})();</script><input value="AO6bgOgAAAAAZSkbSH8m265SlraKlOe1s7v4ij6vaK3Z" name="iflsig" type="hidden"></span></span></td><td class="fl sblc" align="left" nowrap="" width="25%"><a href="/advanced_search?hl=vi&amp;authuser=0">Tìm ki&#7871;m nâng cao</a></td></tr></table><input id="gbv" name="gbv" type="hidden" value="1"><script nonce="K_BMuMs8PqIR0AahUygc5A">(function(){var a,b="1";if(document&&document.getElementById)if("undefined"!=typeof XMLHttpRequest)b="2";else if("undefined"!=typeof ActiveXObject){var c,d,e=["MSXML2.XMLHTTP.6.0","MSXML2.XMLHTTP.3.0","MSXML2.XMLHTTP","Microsoft.XMLHTTP"];for(c=0;d=e[c++];)try{new ActiveXObject(d),b="2"}catch(h){}}a=b;if("2"==a&&-1==location.search.indexOf("&gbv=2")){var f=google.gbvu,g=document.getElementById("gbv");g&&(g.value=a);f&&window.setTimeout(function(){location.href=f},0)};}).call(this);</script></form><div id="gac_scont"></div><div style="font-size:83%;min-height:3.5em"><br><div id="gws-output-pages-elements-homepage_additional_languages__als"><style>#gws-output-pages-elements-homepage_additional_languages__als{font-size:small;margin-bottom:24px}#SIvCob{color:#3c4043;display:inline-block;line-height:28px;}#SIvCob a{padding:0 3px;}.H6sW5{display:inline-block;margin:0 2px;white-space:nowrap}.z4hgWe{display:inline-block;margin:0 2px}</style><div id="SIvCob">Google có các th&#7913; ti&#7871;ng:  <a href="http://www.google.com/setprefs?sig=0_ITi_aRJozuS5lE6zdLEG3Q4pWzE%3D&amp;hl=en&amp;source=homepage&amp;sa=X&amp;ved=0ahUKEwjG3dWv2vKBAxXPPXAKHa5QAE8Q2ZgBCAU">English</a>    <a href="http://www.google.com/setprefs?sig=0_ITi_aRJozuS5lE6zdLEG3Q4pWzE%3D&amp;hl=fr&amp;source=homepage&amp;sa=X&amp;ved=0ahUKEwjG3dWv2vKBAxXPPXAKHa5QAE8Q2ZgBCAY">Français</a>    <a href="http://www.google.com/setprefs?sig=0_ITi_aRJozuS5lE6zdLEG3Q4pWzE%3D&amp;hl=zh-TW&amp;source=homepage&amp;sa=X&amp;ved=0ahUKEwjG3dWv2vKBAxXPPXAKHa5QAE8Q2ZgBCAc">&#32321;&#39636;&#20013;&#25991;</a>  </div></div></div><span id="footer"><div style="font-size:10pt"><div style="margin:19px auto;text-align:center" id="WqQANb"><a href="/intl/vi/ads/">Qu&#7843;ng cáo</a><a href="/services/">Gia&#777;i pha&#769;p Kinh doanh</a><a href="/intl/vi/about.html">Gi&#7899;i thi&#7879;u v&#7873; Google</a><a href="http://www.google.com/setprefdomain?prefdom=VN&amp;prev=http://www.google.com.vn/&amp;sig=K_iApiJ3NTAAmGayyNkcYrKXaIeYY%3D">Google.com.vn</a></div></div><p style="font-size:8pt;color:#70757a">&copy; 2023</p></span></center><script nonce="K_BMuMs8PqIR0AahUygc5A">(function(){window.google.cdo={height:757,width:1440};(function(){var a=window.innerWidth,b=window.innerHeight;if(!a||!b){var c=window.document,d="CSS1Compat"==c.compatMode?c.documentElement:c.body;a=d.clientWidth;b=d.clientHeight}
function _mlToken(a,b){try{if(1>Ba){Ba++;var c=a;b=b||{};var d=encodeURIComponent,g=["//www.google.com/gen_204?atyp=i&zx=",(new Date).getTime(),"&jexpid=",d("28834"),"&srcpg=",d("prop=1"),"&jsr=",Math.round(1/Aa),"&ogev=",d("OA0pZe7dB6ra1e8PrYSr8Aw"),"&ogf=",f.bv.f,"&ogrp=",d(""),"&ogv=",d("571800537.0"),"&oggv="+d("es_plusone_gc_20230905.0_p0"),"&ogd=",d("com"),"&ogc=",d("VNM"),"&ogl=",d("vi")];b._sn&&(b._sn=
function ea(a,b,c){var d="on"+b;if(a.addEventListener)a.addEventListener(b,c,!1);else if(a.attachEvent)a.attachEvent(d,c);else{var g=a[d];a[d]=function(){var k=g.apply(this,arguments),m=c.apply(this,arguments);return void 0==k?m:void 0==m?k:m&&k}}}var fa=function(a){return function(){return f.bv.m==a}},ha=fa(1),ia=fa(2);n("sb",ha);n("kn",ia);h.a=_tvv;h.b=_tvf;h.c=_tvn;h.i=aa;var q=window.gbar.i.i;var r=function(){},u=function(){},la=function(a){var b=new Image,c=ja;b.onerror=b.onload=b.onabort=function(){try{delete ka[c]}catch(d){}};ka[c]=b;b.src=a;ja=c+1},ka=[],ja=0;n("logger",{il:u,ml:r,log:la});var v=window.gbar.logger;var w={},x={createScript:function(a){return a}};x=self.trustedTypes&&self.trustedTypes.createPolicy?self.trustedTypes.createPolicy("ogb#inline",x):x;
function m(a,b){a.src=b instanceof h&&b.constructor===h?b.g:"type_error:TrustedResourceUrl";var c,d;(c=(b=null==(d=(c=(a.ownerDocument&&a.ownerDocument.defaultView||window).document).querySelector)?void 0:d.call(c,"script[nonce]"))?b.nonce||b.getAttribute("nonce")||"":"")&&a.setAttribute("nonce",c)};function n(a){a=null===a?"null":void 0===a?"undefined":a;if(void 0===g){var b=null;var c=e.trustedTypes;if(c&&c.createPolicy){try{b=c.createPolicy("goog#html",{createHTML:f,createScript:f,createScriptURL:f})}catch(d){e.console&&e.console.error(d.message)}g=b}else g=b}a=(b=g)?b.createScriptURL(a):a;return new h(a,k)};void 0===google.ps&&(google.ps=[]);function p(){var a=u,b=function(){};google.lx=google.stvsc?b:function(){q(a);google.lx=b};google.bx||google.lx()}function r(a,b){b&&m(a,n(b));var c=a.onload;a.onload=function(d){c&&c(d);google.ps=google.ps.filter(function(t){return a!==t})};google.ps.push(a);document.body.appendChild(a)}google.as=r;function q(a){google.timers&&google.timers.load&&google.tick&&google.tick("load","xjsls");var b=l();b.onerror=function(){google.ple=1};b.onload=function(){google.ple=0};google.xjsus=void 0;r(b,a);google.aple=-1;google.psa=!0};google.xjsu=u;e._F_jsUrl=u;setTimeout(function(){0<amd?google.caft(function(){return p()},amd):p()},0);})();window._ = window._ || {};window._DumpException = _._DumpException = function(e){throw e;};window._s = window._s || {};_s._DumpException = _._DumpException;window._qs = window._qs || {};_qs._DumpException = _._DumpException;(function(){var t=[1,0,0,8192,268436480,33619969,0,2048,597688324,5767168,11776];window._F_toggles = win
function t(a,b,c,d,k){var e="";-1===b.search("&ei=")&&(e="&ei="+p(d),-1===b.search("&lei=")&&(d=q(d))&&(e+="&lei="+d));d="";var g=-1===b.search("&cshid=")&&"slh"!==a,f=[];f.push(["zx",Date.now().toString()]);h._cshid&&g&&f.push(["cshid",h._cshid]);c=c();null!=c&&f.push(["opi",c.toString()]);for(c=0;c<f.length;c++){if(0===c||0<c)d+="&";d+=f[c][0]+"="+f[c][1]}return"/"+(k||"gen_204")+"?atyp=i&ct="+String(a)+"&cad="+(b+e+d)};m=google.kEI;google.getEI=p;google.getLEI=q;google.ml=function(){return null};google.log=function(a,b,c,d,k,e){e=void 0===e?l:e;c||(c=t(a,b,e,d,k));if(c=r(c)){a=new Image;var g=n.length;n[g]=a;a.onerror=a.onload=a.onabort=function(){delete n[g]};a.src=c}};google.logUrl=function(a,b){b=void 0===b?l:b;return t("",a,b)};}).call(this);(function(){google.y={};google.sy=[];google.x=function(a,b){if(a)var c=a.id;else{do c=Math.random();while(google.y[c])}google.y[c]=[a,b];return!1};google.sx=function(a){google.sy.push(a)};google.lm=[];google.plm=function(a){google.lm.push.apply(google.lm,a)};google.lq=[];google.load=function(a,b,c){google.lq.push([[a],b,c])};google.loadAll=function(a,b){google.lq.push([a,b])};google.bx=!1;google.lx=function(){};var d=[];google.fce=function(a,b,c,e){d.push([a,b,c,e])};google.qce=d;}).call(this);google.f={};(function(){
function(a,b,c){if(Y([1],"aop")&&c){if(W)for(var d in W)W[d]=W[d]&&-1!=Rb(c,d);else for(W={},d=0;d<c.length;d++)W[c[d]]=!0;f.up.spl(a,b,"aop",c)}},Wb=function(){try{if(X=2,!Qb){Qb=!0;for(var a in V)for(var b=V[a],c=0;c<b.length;c++)try{b[c](Sb(a))}catch(d){q(d,"up","tp")}}}catch(d){q(d,"up","mtp")}},Sb=function(a){if(Y([2],"ssp")){var b=!Pb[a];W&&(b=b&&!!W[a]);return b}};Qb=!1;V={};Pb={};W=null;X=1;
if (!iesg){document.f&&document.f.q.focus();document.gbqf&&document.gbqf.q.focus();}
if(a&&b&&(a!=google.cdo.width||b!=google.cdo.height)){var e=google,f=e.log,g="/client_204?&atyp=i&biw="+a+"&bih="+b+"&ei="+google.kEI,h="",k=[],l=void 0!==window.google&&void 0!==window.google.kOPI&&0!==window.google.kOPI?window.google.kOPI:null;null!=l&&k.push(["opi",l.toString()]);for(var m=0;m<k.length;m++){if(0===m||0<m)h+="&";h+=k[m][0]+"="+k[m][1]}f.call(e,"","",g+h)};}).call(this);})();</script> <script nonce="K_BMuMs8PqIR0AahUygc5A">(function(){google.xjs={ck:'xjs.hp.GsP_4FBAX5E.L.X.O',cs:'ACT90oH34mCBictHTfg1e4o6IN97B8iE-w',cssopt:false,csss:'ACT90oGqAumBgaM4u0Cc0GoZgUToQ9w-Hg',excm:[],sepcss:false};})();</script>     <script nonce="K_BMuMs8PqIR0AahUygc5A">(function(){var u='/xjs/_/js/k\x3dxjs.hp.en.o7BE_jldcuw.O/am\x3dAAAAAAAAAAAAAAAAgAAAAAAAUABAgAAAAAAAAAAABACgIwAAFgDgAg/d\x3d1/ed\x3d1/rs\x3dACT90oEJajTu_Los0EidTDv0wucHnihLJQ/m\x3dsb_he,d,cEt90b,SNUn3,qddgKe,sTsDMc,dtl0hd,eHDfl';var amd=0;
if(h.a("")){var Ob={d:h.a(""),e:"",sanw:h.a(""),p:"https://lh3.googleusercontent.com/ogw/default-user=s96",cp:"1",xp:h.a("1"),mg:"%1$s (u&#7927; nhi&#7879;m)",md:"%1$s (m&#7863;c &#273;&#7883;nh)",mh:"220",s:"1",pp:Mb,ppl:h.a(""),ppa:h.a(""),
k.childNodes[d]||null);g=!0;break}}if(g){if(d+1<k.childNodes.length){var Fa=k.childNodes[d+1];M(Fa.firstChild,"gbmh")||fb(Fa,t)||(l=d+1)}else if(0<=d-1){var Ha=k.childNodes[d-1];M(Ha.firstChild,"gbmh")||fb(Ha,t)||(l=d)}break}0<d&&d+1<p&&d++}if(0<=l){var ca=document.createElement("li"),Ia=document.createElement("div");ca.className="gbmtc";Ia.className="gbmt gbmh";ca.appendChild(Ia);k.insertBefore(ca,k.childNodes[l])}f.addHover&&f.addHover(a)}else k.appendChild(m)}}catch(ub){q(ub,"sb","al")}},fb=function(a,
n("mdd","");n("has",ra);n("trh",ta);n("tev",D);if(h.a("m;/_/scs/abc-static/_/js/k=gapi.gapi.en.Ox0HebTIzao.O/d=1/rs=AHpOoo9JBE0z9__nE4FgyS-eLRbRwEP9Gw/m=__features__")){var H=function(a,b){return ua?a||b:b},I=h.a("1"),va=h.a(""),wa=h.a(""),ua=h.a(""),J=window.gapi=H(window.gapi,{}),K=function(a,b){var c=function(){f.dgl(a,b)};I?B(c):(A("gl",c),F("gl"))},xa={},ya=function(a){a=a.split(":");for(var b;(b=a.pop())&&xa[b];);return!b},E=function(a){function b(){for(var c=a.split(":"),d,g=0;d=c[g];++g)xa[d]=1;for(c=0;d=y[c];++c)d=d[1],(g=d.libs)&&!d.l&&d.i&&ya(g)&&
n("so",Wa);n("sos",Va);n("si",Xa);n("tg",cb);n("close",db);n("rdd",eb);n("addLink",hb);n("addExtraLink",ib);n("pcm",jb);n("pca",kb);n("paa",lb);n("ddld",ab);n("ddrd",tb);n("dderr",sb);n("rtl",Za);n("op",xb);n("bh",P);n("abh",mb);n("dh",Q);n("adh",nb);n("ch",R);n("ach",pb);n("eh",Ya);n("aeh",ob);da=h.a("")?Ta:Ua;n("qs",da);n("setContinueCb",Ra);n("pc",Sa);n("bsy",wb);h.d=bb;h.j=vb;var yb={};w.base=yb;y.push(["m",{url:"//ssl.gstatic.com/gb/js/sem_5e6825101553e9529a89dc6f94e6d1c6.js"}]);f.sg={c:"1"};n("wg",{rg:{}});var zb={tiw:h.c("15000",0),tie:h.c("30000",0)};w.wg=zb;var Ab={thi:h.c("10000",0),thp:h.c("180000",0),tho:h.c("5000",0),tet:h.b("0.5",0)};w.wm=Ab;if(h.a("1")){var Bb=h.a("");y.push(["gc",{auto:Bb,url:"//ssl.gstatic.com/gb/js/abc/gci_91f30755d6a6b787dcc2a4062e6e9824.js",libs:"googleapis.client:gapi.iframes"}]);var Cb={version:"gci_91f30755d6a6b787dcc2a4062e6e9824.js",index:"",lang:"vi"};w.gc=Cb;var Db=function(a){window.googleapis&&window.iframes?a&&a():(a&&sa(a),F("gc"))};n("lGC",Db);h.a("1")&&n("lPWF",Db)};window.__PVT="";function Eb(){}u=Eb;n("il",u,v);var Fb={};w.il=Fb;var Gb=function(a,b,c,d,g,k,m,p,l,t){B(function(){f.paa(a,b,c,d,g,k,m,p,l,t)})},Hb=function(){B(function(){f.prm()})},Ib=function(a){B(function(){f.spn(a)})},Jb=function(a){B(function(){f.sps(a)})},Kb=function(a){B(function(){f.spp(a)})},Lb={"27":"https://lh3.googleusercontent.com/ogw/default-user=s24","27":"https://lh3.googleusercontent.com/ogw/default-user=s24","27":"https://lh3.googleusercontent.com/ogw/default-user=s24"},Mb=function(a){return(a=Lb[a])||"https://lh3.googleusercontent.com/ogw/default-user=s24"},
n(a)},q=function(){if(window.google&&window.google.sn){var a=/.*hp$/;return a.test(window.google.sn)?"":"1"}return"-1"};e.rp=q;e.slp=k;e.qs=p;e.qsi=n;}catch(e){window.gbar&&gbar.logger&&gbar.logger.ml(e,{"_sn":"cfg.init"});}})();
ppm:"Trang Google+"};w.prf=Ob};var V,Pb,W,Qb,X=0,Rb=function(a,b,c){if(a.indexOf)return a.indexOf(b,c);if(Array.indexOf)return Array.indexOf(a,b,c);for(c=null==c?0:0>c?Math.max(0,a.length+c):c;c<a.length;c++)if(c in a&&a[c]===b)return c;return-1},Y=function(a,b){return-1==Rb(a,X)?(q(Error(X+"_"+b),"up","caa"),!1):!0},Tb=function(a,b){Y([1,2],"r")&&(V[a]=V[a]||[],V[a].push(b),2==X&&window.setTimeout(function(){b(Sb(a))},0))},Ub=function(a,b,c){if(Y([1],"nap")&&c){for(var d=0;d<c.length;d++)Pb[c[d]]=!0;f.up.spl(a,b,"nap",c)}},Vb=
snid:e("28834"),to:e("300000"),u:e(""),vf:".66."},g=f,h=["bndcfg"],k=a;h[0]in k||"undefined"==typeof k.execScript||k.execScript("var "+h[0]);for(var l;h.length&&(l=h.shift());)h.length||void 0===g?k=k[l]&&k[l]!==Object.prototype[l]?k[l]:k[l]={}:k[l]=g;}catch(e){window.gbar&&gbar.logger&&gbar.logger.ml(e,{"_sn":"cfg.init"});}})();
var Va=function(){for(var a=[],b,c=0;b=Pa[c];++c)(b=document.getElementById(b))&&a.push(b);return a},Wa=function(){var a=Va();return 0<a.length?a[0]:null},Xa=function(){return document.getElementById("gb_70")},P={},Q={},Ya={},R={},S=void 0,cb=function(a,b){try{var c=document.getElementById("gb");N(c,"gbpdjs");T();Za(document.getElementById("gb"))&&N(c,"gbrtl");if(b&&b.getAttribute){var d=b.getAttribute("aria-owns");if(d.length){var g=document.getElementById(d);if(g){var k=b.parentNode;if(S==d)S=void 0,
var Xb=function(a){var b=!1;try{b=a.cookie&&a.cookie.match("PREF")}catch(c){}return!b},Yb=function(){try{return!!e.localStorage&&"object"==typeof e.localStorage}catch(a){return!1}},Zb=function(a){return a&&a.style&&a.style.behavior&&"undefined"!=typeof a.load},$b=function(a,b,c,d){try{Xb(document)||(d||(b="og-up-"+b),Yb()?e.localStorage.setItem(b,c):Zb(a)&&(a.setAttribute(b,c),a.save(a.id)))}catch(g){g.code!=DOMException.QUOTA_EXCEEDED_ERR&&q(g,"up","spd")}},ac=function(a,b,c){try{if(Xb(document))return"";
var a=this||self;var b=window.gbar;var c=b.i;var d=c.a,e=c.c,f={cty:"VNM",cv:"571800537",dbg:d(""),ecv:"0",ei:e("OA0pZe7dB6ra1e8PrYSr8Aw"),ele:d("1"),esr:e("0.1"),evts:["mousedown","touchstart","touchmove","wheel","keydown"],gbl:"es_plusone_gc_20230905.0_p0",hd:"com",hl:"vi",irp:d(""),pid:e("1"),
var e=this||self,f=function(a){return a};var g;var h=function(a){this.g=a};h.prototype.toString=function(){return this.g+""};var k={};var l=function(){var a=document;var b="SCRIPT";"application/xhtml+xml"===a.contentType&&(b=b.toLowerCase());return a.createElement(b)};
var e=this||self;var aa=function(a,b,c,d){d=d||{};d._sn=["cfg",b,c].join(".");window.gbar.logger.ml(a,d)};var f=window.gbar=window.gbar||{},h=window.gbar.i=window.gbar.i||{},da;function _tvn(a,b){a=parseInt(a,10);return isNaN(a)?b:a}function _tvf(a,b){a=parseFloat(a);return isNaN(a)?b:a}function _tvv(a){return!!a}function n(a,b,c){(c||f)[a]=b}f.bv={n:_tvn("2",0),r:"",f:".66.",e:"",m:_tvn("1",1)};
var h=this||self;function l(){return void 0!==window.google&&void 0!==window.google.kOPI&&0!==window.google.kOPI?window.google.kOPI:null};var m,n=[];function p(a){for(var b;a&&(!a.getAttribute||!(b=a.getAttribute("eid")));)a=a.parentNode;return b||m}function q(a){for(var b=null;a&&(!a.getAttribute||!(b=a.getAttribute("leid")));)a=a.parentNode;return b}function r(a){/^http:/i.test(a)&&"https:"===window.location.protocol&&(google.ml&&google.ml(Error("a"),!1,{src:a,glmm:1}),a="");return a}
var h=this||self;var k,l=null!=(k=h.mei)?k:1,n,p=null!=(n=h.sdo)?n:!0,q=0,r,t=google.erd,v=t.jsr;google.ml=function(a,b,d,m,e){e=void 0===e?2:e;b&&(r=a&&a.message);void 0===d&&(d={});d.cad="ple_"+google.ple+".aple_"+google.aple;if(google.dl)return google.dl(a,e,d),null;if(0>v){window.console&&console.error(a,d);if(-2===v)throw a;b=!1}else b=!a||!a.message||"Error loading script"===a.message||q>=l&&!m?!1:!0;if(!b)return null;q++;d=d||{};b=encodeURIComponent;var c="/gen_204?atyp=i&ei="+b(google.kEI);google.kEXPI&&(c+="&jexpid="+b(google.kEXPI));c+="&srcpg="+b(google.sn)+"&jsr="+b(t.jsr)+"&bver="+
var ma={},y=[],na=h.b("0.1",.1),oa=h.a("1",!0),pa=function(a,b){y.push([a,b])},qa=function(a,b){w[a]=b},ra=function(a){return a in w},z={},A=function(a,b){z[a]||(z[a]=[]);z[a].push(b)},B=function(a){A("m",a)},C=function(a,b){var c=document.createElement("script");c.src=x.createScript(a);c.async=oa;Math.random()<na&&(c.onerror=function(){c.onerror=null;r(Error("Bundle load failed: name="+(b||"UNK")+" url="+a))});(document.getElementById("xjsc")||
}
})();</script><div id="mngb"><div id=gb><script nonce='K_BMuMs8PqIR0AahUygc5A'>window.gbar&&gbar.eli&&gbar.eli()</script><div id=gbw><div id=gbz><span class=gbtcb></span><ol id=gbzc class=gbtc><li class=gbt><a class="gbzt gbz0l gbp1" id=gb_1 href="https://www.google.com.vn/webhp?tab=ww"><span class=gbtb2></span><span class=gbts>Tìm ki&#7871;m</span></a></li><li class=gbt><a class=gbzt id=gb_2 href="https://www.google.com/imghp?hl=vi&tab=wi"><span class=gbtb2></span><span class=gbts>Hình &#7843;nh</span></a></li><li class=gbt><a class=gbzt id=gb_8 href="http://maps.google.com/maps?hl=vi&tab=wl"><span class=gbtb2></span><span class=gbts>Maps</span></a></li><li class=gbt><a class=gbzt id=gb_78 href="https://play.google.com/?hl=vi&tab=w8"><span class=gbtb2></span><span class=gbts>Play</span></a></li><li class=gbt><a class=gbzt id=gb_36 href="https://www.youtube.com/?tab=w1"><span class=gbtb2></span><span class=gbts>YouTube</span></a></li><li class=gbt><a class=gbzt id=gb_426 href="https://news.google.com/?tab=wn"><span class=gbtb2></span><span class=gbts>Tin t&#7913;c</span></a></li><li class=gbt><a class=gbzt id=gb_23 href="https://mail.google.com/mail/?tab=wm"><span class=gbtb2></span><span class=gbts>Gmail</span></a></li><li class=gbt><a class=gbzt id=gb_49 href="https://drive.google.com/?tab=wo"><span class=gbtb2></span><span class=gbts>Drive</span></a></li><li class=gbt><a class=gbgt id=gbztm href="https://www.google.com.vn/intl/vi/about/products?tab=wh"  aria-haspopup=true aria-owns=gbd><span class=gbtb2></span><span id=gbztms class="gbts gbtsa"><span id=gbztms1>Thêm</span><span class=gbma></span></span></a><script nonce='K_BMuMs8PqIR0AahUygc5A'>document.getElementById('gbztm').addEventListener('click', function clickHandler() { gbar.tg(event,this); });</script><div class=gbm id=gbd aria-owner=gbztm><div id=gbmmb class="gbmc gbsb gbsbis"><ol id=gbmm class="gbmcc gbsbic"><li class=gbmtc><a class=gbmt id=gb_24 href="https://calendar.google.com/calendar?tab=wc">L&#7883;ch</a></li><li class=gbmtc><a class=gbmt id=gb_51 href="https://translate.google.com.vn/?hl=vi&tab=wT">D&#7883;ch</a></li><li class=gbmtc><a class=gbmt id=gb_10 href="https://books.google.com.vn/?hl=vi&tab=wp">Sa&#769;ch</a></li><li class=gbmtc><a class=gbmt id=gb_6 href="https://www.google.com.vn/shopping?hl=vi&source=og&tab=wf">Mua s&#7855;m</a></li><li class=gbmtc><a class=gbmt id=gb_27 href="https://www.google.com/finance?tab=we">Tài chính</a></li><li class=gbmtc><a class=gbmt id=gb_31 href="https://photos.google.com/?tab=wq&pageId=none">&#7842;nh</a></li><li class=gbmtc><a class=gbmt id=gb_25 href="https://docs.google.com/document/?usp=docs_alc">Tài li&#7879;u</a></li><li class=gbmtc><div class="gbmt gbmh"></div></li><li class=gbmtc><a  href="https://www.google.com.vn/intl/vi/about/products?tab=wh" class=gbmt>S&#7843;n ph&#7849;m khác &raquo;</a><script nonce='K_BMuMs8PqIR0AahUygc5A'>document.querySelector('li > a.gbmt').addEventListener('click', function clickHandler() { gbar.logger.il(1,{t:66});; });</script></li></ol><div class=gbsbt></div><div class=gbsbb></div></div></div></li></ol></div><div id=gbg><h2 class=gbxx>Account Options</h2><span class=gbtcb></span><ol class=gbtc><li class=gbt><a target=_top href="https://accounts.google.com/ServiceLogin?hl=vi&passive=true&continue=http://www.google.com/&ec=GAZAAQ" onclick="gbar.logger.il(9,{l:'i'})" id=gb_70 class=gbgt><span class=gbtb2></span><span id=gbgs4 class=gbts><span id=gbi4s1>&#272;&#259;ng nh&#7853;p</span></span></a></li><li class="gbt gbtb"><span class=gbts></span></li><li class=gbt><a class=gbgt id=gbg5 href="http://www.google.com.vn/preferences?hl=vi" title="T.ch&#7885;n" aria-haspopup=true aria-owns=gbd5><span class=gbtb2></span><span id=gbgs5 class=gbts><span id=gbi5></span></span></a><script nonce='K_BMuMs8PqIR0AahUygc5A'>document.getElementById('gbg5').addEventListener('click', function clickHandler() { gbar.tg(event,this); });</script><div class=gbm id=gbd5 aria-owner=gbg5><div class=gbmc><ol id=gbom class=gbmcc><li class="gbkc gbmtc"><a  class=gbmt href="/preferences?hl=vi">Cài &#273;&#7863;t tìm ki&#7871;m</a></li><li class=gbmtc><div class="gbmt gbmh"></div></li><li class="gbkp gbmtc"><a class=gbmt href="http://www.google.com.vn/history/optout?hl=vi">Li&#803;ch s&#432;&#777; Web</a></li></ol></div></div></li></ol></div></div><div id=gbx3></div><div id=gbx4></div><script nonce='K_BMuMs8PqIR0AahUygc5A'>window.gbar&&gbar.elp&&gbar.elp()</script></div></div><center><br clear="all" id="lgpd"><div id="lga"><img alt="Google" height="92" src="/images/branding/googlelogo/1x/googlelogo_white_background_color_272x92dp.png" style="padding:28px 0 14px" width="272" id="hplogo"><br><br></div><form action="/search" name="f"><table cellpadding="0" cellspacing="0"><tr valign="top"><td width="25%">&nbsp;</td><td align="center" nowrap=""><input name="ie" value="ISO-8859-1" type="hidden"><input value="vi" name="hl" type="hidden"><input name="source" type="hidden" value="hp"><input name="biw" type="hidden"><input name="bih" type="hidden"><div class="ds" style="height:32px;margin:4px 0"><div style="position:relative;zoom:1"><input class="lst Ucigb" style="margin:0;padding:5px 8px 0 6px;vertical-align:top;color:#000;padding-right:38px" autocomplete="off" value="" title="Tìm trên Google" maxlength="2048" name="q" size="57"><img src="/textinputassistant/tia.png" style="position:absolute;cursor:pointer;right:5px;top:4px;z-index:300" data-script-url="/textinputassistant/13/vi_tia.js" id="tsuid_1" alt="" height="23" width="27"><script nonce="K_BMuMs8PqIR0AahUygc5A">(function(){var id='tsuid_1';document.getElementById(id).onclick = function(){var s = document.createElement('script');s.src = this.getAttribute('data-script-url');(document.getElementById('xjsc')||document.body).appendChild(s);};})();</script></div></div><br style="line-height:0"><span class="ds"><span class="lsbb"><input class="lsb" value="Tìm trên Google" name="btnG" type="submit"></span></span><span class="ds"><span class="lsbb"><input class="lsb" id="tsuid_2" value="Xem trang &#273;&#7847;u tiên tìm &#273;&#432;&#7907;c" name="btnI" type="submit"><script nonce="K_BMuMs8PqIR0AahUygc5A">(function(){var id='tsuid_2';document.getElementById(id).onclick = function(){if (this.form.q.value){this.checked = 1;if (this.form.iflsig)this.form.iflsig.disabled = false;}
